
{
    "items": {
      "fruits": [
        {
          "id": 1,
          "name": "Apple",
          "category": "Fruit"
        },
        {
          "id": 2,
          "name": "Banana",
          "category": "Fruit"
        },
        {
          "id": 3,
          "name": "Cherry",
          "category": "Fruit"
        },
        {
          "id": 4,
          "name": "Date",
          "category": "Fruit"
        },
        {
          "id": 5,
          "name": "Elderberry",
          "category": "Fruit"
        }
      ],
      "vegetables": [
        {
          "id": 1,
          "name": "Asparagus",
          "category": "Vegetable"
        },
        {
          "id": 2,
          "name": "Broccoli",
          "category": "Vegetable"
        },
        {
          "id": 3,
          "name": "Carrot",
          "category": "Vegetable"
        },
        {
          "id": 4,
          "name": "Daikon",
          "category": "Vegetable"
        },
        {
          "id": 5,
          "name": "Eggplant",
          "category": "Vegetable"
        }
      ]
    }
  }
  